{"Mods":[{"Author":"Goonsack","Name":"DIQ Item Nerf Patches","Folder":"DIQ Item Nerf Patches","Version":"36451020221448192","Description":"Stat overwrites for clothing mods and anything else overpowered, or not purely cosmetic when it should be, will also include reduced gold costs and other trivial adjustments.","UUID":"0e3368f6-7094-4486-abe7-55343345666a","Created":"2025-04-27T16:57:51.3767181+10:00","Dependencies":[],"Group":"e37b63a9-13a1-44ae-ae1a-662e09868680"}],"MD5":"22adec383edd72cc72fa1e271f384665"}