{"Mods":[{"Author":"Goonsack","Name":"DIQ Item Nerf Patches","Folder":"DIQ Item Nerf Patches","Version":"36451015926480897","Description":"Stat overwrites for clothing mods and anything else overpowered, or not purely cosmetic when it should be, will also include reduced gold costs and other trivial adjustments.","UUID":"0e3368f6-7094-4486-abe7-55343345666a","Created":"2025-03-30T17:03:29.9655029+11:00","Dependencies":[],"Group":"df8301de-cc5b-47b8-92a7-d0667c0c7fe8"}],"MD5":"2f012a9ef5cc41bb76e7031663ba00b5"}