{"Mods":[{"Author":"Goonsack","Name":"DIQ Item Nerf Patches","Folder":"DIQ Item Nerf Patches","Version":"36451015926480896","Description":"Stat overwrites for clothing mods and anything else overpowered, or not purely cosmetic when it should be, will also include reduced gold costs and other trivial adjustments.","UUID":"0e3368f6-7094-4486-abe7-55343345666a","Created":"2025-03-30T15:47:10.8013979+11:00","Dependencies":[],"Group":"0e5f2eea-47f2-418b-960b-e56b26a9b224"}],"MD5":"7fb56ecacb256f8503af36ac976dff55"}